{
  "XGBoost": {
    "accuracy": 0.7231767356295877,
    "precision": 0.3500575792472271,
    "recall": 0.5429796279472975,
    "f1": 0.4256802126686494,
    "roc_auc": 0.719369877081257,
    "pr_auc": 0.3874016233613018,
    "confusion_matrix": [
      [
        3319108,
        1018723
      ],
      [
        461820,
        548682
      ]
    ],
    "true_negatives": 3319108,
    "false_positives": 1018723,
    "false_negatives": 461820,
    "true_positives": 548682
  }
}